<xml xmlns:o="urn:schemas-microsoft-com:office:office">
 <o:MainFile HRef="../FileGDB_SQL.htm"/>
 <o:File HRef="item0015.xml"/>
 <o:File HRef="props0016.xml"/>
 <o:File HRef="item0017.xml"/>
 <o:File HRef="props0018.xml"/>
 <o:File HRef="item0019.xml"/>
 <o:File HRef="props0020.xml"/>
 <o:File HRef="item0021.xml"/>
 <o:File HRef="props0022.xml"/>
 <o:File HRef="themedata.thmx"/>
 <o:File HRef="colorschememapping.xml"/>
 <o:File HRef="header.htm"/>
 <o:File HRef="filelist.xml"/>
</xml>